{
    "Agent": {
        "total": 46.9085750579834
    },
    "Env": {
        "apply_act": 2.2062928676605225,
        "observation_computation": 1.0361948013305664,
        "powerflow_computation": 0.7677886486053467,
        "total": 4.0102763175964355
    },
    "total": 51.86734485626221
}