{
    "Agent": {
        "total": 22.92505931854248
    },
    "Env": {
        "apply_act": 0.17200803756713867,
        "observation_computation": 0.0758211612701416,
        "powerflow_computation": 0.0667421817779541,
        "total": 0.3145713806152344
    },
    "total": 23.313472986221313
}