{
    "Agent": {
        "total": 0.32390809059143066
    },
    "Env": {
        "apply_act": 0.3506481647491455,
        "observation_computation": 0.2280573844909668,
        "powerflow_computation": 0.19682741165161133,
        "total": 0.7755329608917236
    },
    "total": 1.3124375343322754
}