{
    "Agent": {
        "total": 0.13701152801513672
    },
    "Env": {
        "apply_act": 0.2972285747528076,
        "observation_computation": 0.1876993179321289,
        "powerflow_computation": 0.1480715274810791,
        "total": 0.6329994201660156
    },
    "total": 0.9451379776000977
}