{
    "Agent": {
        "total": 0.06386017799377441
    },
    "Env": {
        "apply_act": 0.03144264221191406,
        "observation_computation": 0.017955780029296875,
        "powerflow_computation": 0.01670050621032715,
        "total": 0.06609892845153809
    },
    "total": 0.14879322052001953
}