{
    "Agent": {
        "total": 13.49361276626587
    },
    "Env": {
        "apply_act": 0.5748379230499268,
        "observation_computation": 0.36708498001098633,
        "powerflow_computation": 0.27647876739501953,
        "total": 1.2184016704559326
    },
    "total": 15.030681848526001
}