{
    "Agent": {
        "total": 58.98771595954895
    },
    "Env": {
        "apply_act": 1.0074257850646973,
        "observation_computation": 0.6355228424072266,
        "powerflow_computation": 0.5410668849945068,
        "total": 2.1840155124664307
    },
    "total": 61.769519567489624
}