{
    "Agent": {
        "total": 7.759021997451782
    },
    "Env": {
        "apply_act": 1.1287376880645752,
        "observation_computation": 0.5136857032775879,
        "powerflow_computation": 0.40044713020324707,
        "total": 2.04287052154541
    },
    "total": 10.295595169067383
}