{
    "Agent": {
        "total": 36.836092948913574
    },
    "Env": {
        "apply_act": 0.024854183197021484,
        "observation_computation": 0.008794784545898438,
        "powerflow_computation": 0.008643150329589844,
        "total": 0.042292118072509766
    },
    "total": 36.88728427886963
}