{
    "Agent": {
        "total": 3.8837854862213135
    },
    "Env": {
        "apply_act": 0.03911089897155762,
        "observation_computation": 0.023644685745239258,
        "powerflow_computation": 0.019385337829589844,
        "total": 0.08214092254638672
    },
    "total": 3.987300395965576
}