{
    "Agent": {
        "total": 7.999346494674683
    },
    "Env": {
        "apply_act": 1.3846182823181152,
        "observation_computation": 0.8886146545410156,
        "powerflow_computation": 0.6792707443237305,
        "total": 2.9525036811828613
    },
    "total": 11.718435764312744
}