{
    "Agent": {
        "total": 0.1981978416442871
    },
    "Env": {
        "apply_act": 0.537912130355835,
        "observation_computation": 0.35437536239624023,
        "powerflow_computation": 0.26067161560058594,
        "total": 1.1529591083526611
    },
    "total": 1.8730969429016113
}