{
    "Agent": {
        "total": 4.585521697998047
    },
    "Env": {
        "apply_act": 0.02164006233215332,
        "observation_computation": 0.013149738311767578,
        "powerflow_computation": 0.010588645935058594,
        "total": 0.04537844657897949
    },
    "total": 4.64257025718689
}