{
    "Agent": {
        "total": 25.315359354019165
    },
    "Env": {
        "apply_act": 0.5979139804840088,
        "observation_computation": 0.38223910331726074,
        "powerflow_computation": 0.28900980949401855,
        "total": 1.269162893295288
    },
    "total": 26.91720962524414
}