{
    "Agent": {
        "total": 0.10223031044006348
    },
    "Env": {
        "apply_act": 0.17304730415344238,
        "observation_computation": 0.10958528518676758,
        "powerflow_computation": 0.09141373634338379,
        "total": 0.37404632568359375
    },
    "total": 0.5789859294891357
}