{
    "Agent": {
        "total": 10.41288948059082
    },
    "Env": {
        "apply_act": 0.49021482467651367,
        "observation_computation": 0.30828094482421875,
        "powerflow_computation": 0.25248169898986816,
        "total": 1.0509774684906006
    },
    "total": 11.731186389923096
}