{
    "Agent": {
        "total": 55.51475429534912
    },
    "Env": {
        "apply_act": 0.49738192558288574,
        "observation_computation": 0.30779242515563965,
        "powerflow_computation": 0.2530639171600342,
        "total": 1.0582382678985596
    },
    "total": 56.90168309211731
}