{
    "Agent": {
        "total": 0.45883989334106445
    },
    "Env": {
        "apply_act": 1.9967982769012451,
        "observation_computation": 1.3145747184753418,
        "powerflow_computation": 1.0049095153808594,
        "total": 4.316282510757446
    },
    "total": 6.178017854690552
}