{
    "Agent": {
        "total": 0.04325413703918457
    },
    "Env": {
        "apply_act": 0.08576202392578125,
        "observation_computation": 0.05318140983581543,
        "powerflow_computation": 0.04605507850646973,
        "total": 0.1849985122680664
    },
    "total": 0.27994751930236816
}