{
    "Agent": {
        "total": 0.19376659393310547
    },
    "Env": {
        "apply_act": 1.1271755695343018,
        "observation_computation": 0.7551681995391846,
        "powerflow_computation": 0.5740175247192383,
        "total": 2.4563612937927246
    },
    "total": 3.350761651992798
}