{
    "Agent": {
        "total": 53.65984559059143
    },
    "Env": {
        "apply_act": 0.5875213146209717,
        "observation_computation": 0.36132287979125977,
        "powerflow_computation": 0.2620527744293213,
        "total": 1.2108969688415527
    },
    "total": 55.18980550765991
}