{
    "Agent": {
        "total": 37.4521963596344
    },
    "Env": {
        "apply_act": 0.03747296333312988,
        "observation_computation": 0.022983312606811523,
        "powerflow_computation": 0.018993377685546875,
        "total": 0.07944965362548828
    },
    "total": 37.55387330055237
}