{
    "Agent": {
        "total": 0.1687908172607422
    },
    "Env": {
        "apply_act": 0.18086647987365723,
        "observation_computation": 0.11159849166870117,
        "powerflow_computation": 0.10981082916259766,
        "total": 0.40227580070495605
    },
    "total": 0.6781520843505859
}